Company,Domain,Compliance and Trust Link
1Password,1password.com,https://1password.com/security/~~https://support.1password.com/security-assessments/
2Checkout,2checkout.com,https://www.2checkout.com/risk-management-and-compliance/
ActiveCampaign,activecampaign.com,https://www.activecampaign.com/security
Agorapulse,agorapulse.com,https://www.agorapulse.com/security/
Ahrefs,ahrefs.com,https://ahrefs.com/legal/security-measures
Airtable,airtable.com,https://www.airtable.com/company/trust-and-security
Asana,asana.com,https://asana.com/trust~~https://asana.com/trust#compliance
Atlassian,atlassian.com,https://www.atlassian.com/trust~~https://www.atlassian.com/trust/compliance/resources
Autodesk,autodesk.com,https://www.autodesk.com/trust/security~~https://www.autodesk.com/trust/compliance
Backblaze,backblaze.com,https://www.backblaze.com/cloud-storage/security
Basecamp,basecamp.com,https://37signals.com/policies/security/37signals%20Security%20Overview.pdf
BigCommerce,bigcommerce.com,https://security.bigcommerce.com/
Bold Reports,boldreports.com,https://www.boldreports.com/legal/security
BoldSign,boldsign.com,https://boldsign.com/security-policy/
Box,box.com,https://www.box.com/trust~~https://cloud.app.box.com/s/o4l3stzm9sbywyiiwtkk2o4anhjep09x
Calendly,calendly.com,https://calendly.com/security
Campaign Monitor,campaignmonitor.com,https://www.campaignmonitor.com/trust/~~https://www.campaignmonitor.com/trust/security/
Canva,canva.com,https://canva.com/trust/~~https://www.canva.com/trust/compliance/
CircleCI,circleci.com,https://circleci.com/security/
Cisco,cisco.com,https://www.cisco.com/c/en/us/about/trust-center.html~~https://trustportal.cisco.com/c/r/ctp/trust-portal.html#/
Cision,cision.com,https://www.cision.com/legal/security-statement/
Close,close.com,https://www.close.com/security
Cloudinary,cloudinary.com,https://cloudinary.com/trust
Couchbase,couchbase.com,https://www.couchbase.com/products/capella/trust/
Cvent,cvent.com,https://www.cvent.com/en/security
DataStax,datastax.com,https://trust.datastax.com/
Debian,debian.org,https://www.debian.org/security/
Devolutions,devolutions.net,https://devolutions.net/security/
DocuSign,docusign.com,https://www.docusign.com/trust/compliance/certifications~~https://support.docusign.com/s/trust-portal?language=en_US&_gl=1*1uxhkw3*_gcl_au*MjA5NTI2ODM4My4xNzA3Mzk4NjE5*_ga*NjA4NjczNDY4LjE3MDczOTg2MTk.*_ga_1TZ7S9D6BQ*MTcwNzM5ODYxOC4xLjEuMTcwNzM5ODYzNi40Mi4wLjA.&_ga=2.185542057.104409457.1707398619-608673468.1707398619
Drift,drift.com,https://www.drift.com/security/~~https://www.drift.com/security/#certifications
Dropbox,dropbox.com,https://www.dropbox.com/business/trust~~https://www.dropbox.com/business/trust/compliance
Dynatrace,dynatrace.com,https://www.dynatrace.com/company/trust-center/
Elastic,elastic.co,https://www.elastic.co/trust/security-and-compliance
Elementor,elementor.com,https://elementor.com/trust/
Esri,esri.com,https://trust.arcgis.com/en/
Eventbrite,eventbrite.com,https://www.eventbrite.com/security/
Evernote,evernote.com,https://evernote.com/security
Figma,figma.com,https://www.figma.com/security/
Freshdesk,freshdesk.com,https://www.freshworks.com/security/~~https://www.freshworks.com/security/trust/
G2,g2.com,https://trust.g2.com/
GetResponse,getresponse.com,https://www.getresponse.com/security
GitLab,gitlab.com,https://about.gitlab.com/security/
Glassdoor,glassdoor.com,https://www.glassdoor.com/about/security/
GoDaddy,godaddy.com,https://www.godaddy.com/trust-center~~https://www.godaddy.com/trust-center/compliance
Grafana,grafana.com,https://trust.grafana.com/
Grammarly,grammarly.com,https://www.grammarly.com/trust~~https://www.grammarly.com/security~~https://www.grammarly.com/compliance~~https://www.grammarly.com/responsible-ai
HashiCorp,hashicorp.com,https://www.hashicorp.com/trust/security
Heroku,heroku.com,https://www.heroku.com/policy/security
Hopin,hopin.com,https://hopin.com/hopin-events/legal/security~~https://cyber-risk.upguard.com/sharedprofilepreview/c979896f-d89e-4d3a-948c-1d6cfc238797
Hotjar,hotjar.com,https://www.hotjar.com/security/
HubSpot,hubspot.com,https://trust.hubspot.com/
IBM,ibm.com,https://www.ibm.com/trust
InfluxData,influxdata.com,https://www.influxdata.com/security/
Instructure,instructure.com,https://www.instructure.com/trust-center~~https://www.instructure.com/trust-center/compliance
Intercom,intercom.com,https://www.intercom.com/security
Intuit,intuit.com,https://security.intuit.com/security-practices/~~https://security.intuit.com/compliance/
JetBrains,jetbrains.com,https://www.jetbrains.com/privacy-security/
Jitsi,jitsi.org,https://jitsi.org/security/
Kickstarter,kickstarter.com,https://www.kickstarter.com/trust
LastPass,lastpass.com,https://www.lastpass.com/trust-center~~https://www.lastpass.com/trust-center/compliance~~https://www.lastpass.com/security
LaunchDarkly,launchdarkly.com,https://launchdarkly.com/security/
Level,lever.co,https://www.lever.co/security-exhibit/#~~https://www.lever.co/security/certifications/
Linux Foundation,linuxfoundation.org,https://www.linuxfoundation.org/security
LivePlan,liveplan.com,https://www.liveplan.com/policies/security
Mailchimp,mailchimp.com,https://mailchimp.com/about/security/
Mailjet,mailjet.com,https://www.mailjet.com/legal/security-privacy/
MarkLogic,marklogic.com,https://www.marklogic.com/trust/
Micro Focus,microfocus.com,https://www.microfocus.com/en-us/about/product-security~~https://www.microfocus.com/en-us/about/product-security-certifications
MindMeister,mindmeister.com,https://www.mindmeister.com/pages/security/
Miro,miro.com,https://miro.com/trust/~~https://miro.com/trust/compliance/
Mixpanel,mixpanel.com,https://mixpanel.com/legal/security-overview/
Monday.com,monday.com,https://monday.com/trustcenter
MongoDB,mongodb.com,https://www.mongodb.com/products/platform/trust~~https://www.mongodb.com/products/platform/trust#security~~https://www.mongodb.com/products/platform/trust#compliance
Netlify,netlify.com,https://www.netlify.com/trust-center/~~https://www.netlify.com/security/
Notion,notion.so,https://www.notion.so/security~~https://www.notion.so/help/security-and-privacy
Okta,okta.com,https://trust.okta.com/security/~~https://trust.okta.com/compliance/
OneTrust,onetrust.com,https://www.onetrust.com/trust/
Optimizely,optimizely.com,https://www.optimizely.com/trust-center/security/~~https://www.optimizely.com/trust-center/compliance/
Oracle,oracle.com,https://www.oracle.com/trust/~~https://www.oracle.com/corporate/cloud-compliance/
Outreach,outreach.io,https://www.outreach.io/platform/trust
PagerDuty,pagerduty.com,https://www.pagerduty.com/security/
Palo Alto Networks,paloalto.com,https://www.paloaltonetworks.com/legal-notices/trust-center~~https://www.paloaltonetworks.com/legal-notices/trust-center/compliance
PayPal,paypal.com,https://www.paypal.com/us/compliancereports/home~~https://www.paypal-trustcenter.com/
Pingdom,pingdom.com,https://www.pingdom.com/security/
PowerToFly,powertofly.com,https://powertofly.com/about/security-statement
Progress,progress.com,https://www.progress.com/security
Qualtrics,qualtrics.com,https://www.qualtrics.com/trust-center/
Red Hat,redhat.com,https://www.redhat.com/en/trust
RingCentral,ringcentral.com,https://www.ringcentral.com/trust-center.html~~https://www.ringcentral.com/trust-center.html?tabs=compliance
SageIntacct,sageintacct.com,https://www.sage.com/en-us/trust-security/
Salesforce,salesforce.com,https://security.salesforce.com/~~https://trust.salesforce.com/~~https://compliance.salesforce.com/en
SAP,sap.com,https://www.sap.com/about/trust-center.html~~https://www.sap.com/about/trust-center/certification-compliance.html
Semrush,semrush.com,https://www.semrush.com/company/security/
Siemens,siemens.com,https://www.sw.siemens.com/en-US/trust-center/
Slack,slack.com,https://slack.com/trust~~https://slack.com/trust/compliance
Smartdraw,smartdraw.com,https://www.smartdraw.com/about/security/~~https://www.smartdraw.com/about/security/#complianceCertifications
Smartsheet,smartsheet.com,https://www.smartsheet.com/trust~~https://www.smartsheet.com/trust/compliance
Snowflake,snowflake.com,https://www.snowflake.com/product/security-and-trust-center/~~https://www.snowflake.com/snowflakes-security-compliance-reports/
Solarwinds,solarwinds.com,https://www.solarwinds.com/trust-center
Sonatype,sonatype.com,https://www.sonatype.com/trust-center
SonicWall,sonicwall.com,https://www.sonicwall.com/products/product-certifications/
Sophos,sophos.com,https://www.sophos.com/en-us/trust~~https://www.sophos.com/en-us/trust/business-certifications
Splunk,splunk.com,https://www.splunk.com/en_us/about-splunk/splunk-data-security-and-privacy.html~~https://www.splunk.com/en_us/about-splunk/splunk-data-security-and-privacy/compliance-at-splunk.html
Spot,spot.io,https://spot.io/security-policy/
Sprout Social,sproutsocial.com,https://sproutsocial.com/trust-center/~~https://trust.sproutsocial.com/
Squarespace,squarespace.com,https://www.squarespace.com/security
StitchData,stitchdata.com,https://security.talend.com/
Stripe,stripe.com,https://stripe.com/docs/security
SurveyMonkey,surveymonkey.com,https://www.surveymonkey.com/mp/data-security-and-compliance/
Syncfusion,syncfusion.com,https://syncfusion.com/security-policy
Synopsys,synopsys.com,https://www.synopsys.com/company/legal/software-integrity/security-commitments.html~~https://www.synopsys.com/company/legal/software-integrity/security-commitments.html#tab2
Talend,talend.com,https://security.talend.com/
Thinkific,thinkific.com,https://www.thinkific.com/security-overview/
Time Doctor,timedoctor.com,https://www.timedoctor.com/security-and-compliance
Todoist,todoist.com,https://todoist.com/security
Trello,trello.com,https://trello.com/trust
Twilio,twilio.com,https://www.twilio.com/en-us/trust~~https://www.twilio.com/en-us/security
TypeForm,typeform.com,https://www.typeform.com/help/a/security-at-typeform-360029259552/
Unbounce,unbounce.com,https://unbounce.com/product/security/
Upwork,upwork.com,https://www.upwork.com/trust-and-safety/security/
Vantage Circle,vantagecircle.com,https://www.vantagecircle.com/security-at-vantage-circle/
VMWare,vmware.com,https://www.vmware.com/products/trust-center.html
Webflow,webflow.com,https://webflow.com/security~~https://console.whistic.com/v2/request-profile/5782f150-f7ef-4bb3-806c-acc5e8d3c293/ded392e7-76ad-4050-9c81-cfebd97a2b45
Wix,wix.com,https://www.wix.com/trust-center/security
Wondershare,wondershare.com,https://www.wondershare.com/trustcenter/
Workday,workday.com,https://www.workday.com/en-us/why-workday/trust/overview.html~~https://www.workday.com/en-us/why-workday/trust/security.html~~https://www.workday.com/en-us/why-workday/trust/compliance.html
Wrike,wrike.com,https://www.wrike.com/security/overview/~~https://www.wrike.com/security/overview/#Compliance
Xero,xero.com,https://www.xero.com/us/security/
Yugabyte,yugabyte.com,https://www.yugabyte.com/trust/~~https://www.yugabyte.com/compliance/
Zapier,zapier.com,https://zapier.com/security-compliance
Zendesk,zendesk.com,https://www.zendesk.com/trust-center/
Zoho,zoho.com,https://www.zoho.com/trust.html~~https://www.zoho.com/compliance.html
Zoom,zoom.us,https://explore.zoom.us/en/trust/security/~~https://www.zoom.com/en/trust/legal-compliance/#certifications
